"","player","team","position","headshot_url","date","pass_yds_line","pass_yds_over_price","pass_yds_under_price","rush_yds_line","rush_yds_over_price","rush_yds_under_price","rec_yds_line","rec_yds_over_price","rec_yds_under_price","pass_tds_line","pass_tds_over_price","pass_tds_under_price","rush_tds_line","rush_tds_over_price","rush_tds_under_price","rec_tds_line","rec_tds_over_price","rec_tds_under_price","rush_yds_expected","rush_tds_expected","rec_yds_expected","rec_tds_expected","pass_yds_expected","pass_tds_expected","implied_fantasy_points"
"1","Drake Maye","NE","QB","https://static.www.nfl.com/image/upload/f_auto,q_auto/league/oyap81gtzcvnfmripis1",2026-06-30,3800.5,-114,-114,400.5,-114,-114,NA,NA,NA,25.5,-122,-108,NA,NA,NA,NA,NA,NA,426.700934579439,NA,NA,NA,4049.13084112149,27.2690575190575,313.711557179034
"2","Josh Allen","BUF","QB","https://static.www.nfl.com/image/upload/f_auto,q_auto/league/servs1fpsynfxep4rz2z",2026-06-30,3575.5,-114,-114,500.5,-114,-114,NA,NA,NA,24.5,-120,-110,NA,NA,NA,NA,NA,NA,533.242990654206,NA,NA,NA,3809.41121495327,26.2077922077922,310.53191649472
"3","Lamar Jackson","BAL","QB","https://static.www.nfl.com/image/upload/f_auto,q_auto/league/cruqs6qpbykh7a2whd7p",2026-06-30,3200.5,-114,-114,575.5,-114,-114,NA,NA,NA,24.5,104,-138,NA,NA,NA,NA,NA,NA,613.14953271028,NA,NA,NA,3409.8785046729,26.1708683473389,302.3935668473
"4","Jared Goff","DET","QB","https://static.www.nfl.com/image/upload/f_auto,q_auto/league/yggfwr4ak4po9byj0qor",2026-06-30,4050.5,-114,-114,NA,NA,NA,NA,NA,NA,29.5,-114,-114,NA,NA,NA,NA,NA,NA,NA,NA,NA,NA,4315.48598130841,31.4299065420561,298.339065420561
"5","Matthew Stafford","LAR","QB","https://static.www.nfl.com/image/upload/f_auto,q_auto/league/svxl2pk2cuqf26zrhii4",2026-06-30,3925.5,-114,-114,NA,NA,NA,NA,NA,NA,29.5,-114,-114,NA,NA,NA,NA,NA,NA,NA,NA,NA,NA,4182.30841121495,31.4299065420561,293.011962616822
"6","Dak Prescott","DAL","QB","https://static.www.nfl.com/image/upload/f_auto,q_auto/league/blixemm3s9sa4gmqk5yn",2026-06-30,4050.5,-114,-114,NA,NA,NA,NA,NA,NA,27.5,-108,-122,NA,NA,NA,NA,NA,NA,NA,NA,NA,NA,4315.48598130841,29.3762993762994,290.124636757534
"7","Jalen Hurts","PHI","QB","https://static.www.nfl.com/image/upload/f_auto,q_auto/league/c47i9v6gmokkun9cat9s",2026-06-30,3150.5,-114,-114,400.5,-114,-114,NA,NA,NA,22.5,-114,-114,NA,NA,NA,NA,NA,NA,426.700934579439,NA,NA,NA,3356.60747663551,23.9719626168224,272.822242990654
"8","Brock Purdy","SF","QB","https://static.www.nfl.com/image/upload/f_auto,q_auto/league/xykdxnvxpf9pobxvkjfj",2026-06-30,3650.5,-114,-114,NA,NA,NA,NA,NA,NA,27.5,-114,-114,NA,NA,NA,NA,NA,NA,NA,NA,NA,NA,3889.31775700935,29.2990654205607,272.768971962617
"9","Trevor Lawrence","JAX","QB","https://static.www.nfl.com/image/upload/f_auto,q_auto/league/d75srntioly7fq0z8vip",2026-06-30,3725.5,-114,-114,NA,NA,NA,NA,NA,NA,25.5,-102,-130,NA,NA,NA,NA,NA,NA,NA,NA,NA,NA,3969.22429906542,27.2591476538958,267.8055625782
"10","Justin Herbert","LAC","QB","https://static.www.nfl.com/image/upload/f_auto,q_auto/league/s1oelyaroiaalgilbeqk",2026-06-30,3600.5,-114,-114,NA,NA,NA,NA,NA,NA,25.5,-108,-122,NA,NA,NA,NA,NA,NA,NA,NA,NA,NA,3836.04672897196,27.2387387387387,262.396824113833
"11","Baker Mayfield","TB","QB","https://static.www.nfl.com/image/upload/f_auto,q_auto/league/i2uufyghiphx4oihgucm",2026-06-30,3500.5,-114,-114,NA,NA,NA,NA,NA,NA,25.5,-102,-130,NA,NA,NA,NA,NA,NA,NA,NA,NA,NA,3729.5046728972,27.2591476538958,258.216777531471
"12","Sam Darnold","SEA","QB","https://static.www.nfl.com/image/upload/f_auto,q_auto/league/s5t8m6bhedjwwtfw3ild",2026-06-30,3700.5,-114,-114,NA,NA,NA,NA,NA,NA,23.5,-102,-130,NA,NA,NA,NA,NA,NA,NA,NA,NA,NA,3942.58878504673,25.1188118811881,258.178798926622
"13","Caleb Williams","CHI","QB","https://static.www.nfl.com/image/upload/f_auto,q_auto/league/h4qs11kutwiw7whekmyt",2026-06-30,3575.5,-114,-114,NA,NA,NA,NA,NA,NA,24.5,100,-132,NA,NA,NA,NA,NA,NA,NA,NA,NA,NA,3809.41121495327,26.1551724137931,256.997138253303
"14","Jaxson Dart","NYG","QB","https://static.www.nfl.com/image/upload/f_auto,q_auto/league/n6uymxssgiicjmxkzxoc",2026-06-30,3000.5,-114,-114,425.5,-114,-114,NA,NA,NA,19.5,-108,-122,NA,NA,NA,NA,NA,NA,453.336448598131,NA,NA,NA,3196.79439252336,20.8260568260568,256.509647864975
"15","Jordan Love","GB","QB","https://static.www.nfl.com/image/upload/f_auto,q_auto/league/uneiwen9drvci9ahuebp",2026-06-30,3525.5,-114,-114,NA,NA,NA,NA,NA,NA,24.5,-102,-130,NA,NA,NA,NA,NA,NA,NA,NA,NA,NA,3756.14018691589,26.188979767542,255.001526546803
"16","CJ Stroud","HOU","QB","https://static.www.nfl.com/image/upload/f_auto,q_auto/league/tt4zrtxlhifaljhj0rn7",2026-06-30,3550.5,-114,-114,NA,NA,NA,NA,NA,NA,22.5,-106,-125,NA,NA,NA,NA,NA,NA,NA,NA,NA,NA,3782.77570093458,24.0571736785329,247.539722751515
"17","Tyler Shough","NO","QB","https://static.www.nfl.com/image/upload/f_auto,q_auto/league/wsrkib8qgwtb2t2ugaru",2026-06-30,3600.5,-114,-114,NA,NA,NA,NA,NA,NA,19.5,-114,-114,NA,NA,NA,NA,NA,NA,NA,NA,NA,NA,3836.04672897196,20.7757009345794,236.544672897196
"18","Jayden Daniels","WAS","QB","https://static.www.nfl.com/image/upload/f_auto,q_auto/league/vrdweg39v1ay4zoc0lgp",2026-06-30,3200.5,-114,-114,NA,NA,NA,NA,NA,NA,20.5,-122,-108,NA,NA,NA,NA,NA,NA,NA,NA,NA,NA,3409.8785046729,21.9251559251559,224.09576388754
"19","Cam Ward","TEN","QB","https://static.www.nfl.com/image/upload/f_auto,q_auto/league/viadutkbvligsopnd2qn",2026-06-30,3200.5,-114,-114,NA,NA,NA,NA,NA,NA,19.5,-102,-130,NA,NA,NA,NA,NA,NA,NA,NA,NA,NA,3409.8785046729,20.8381403357727,219.747701530007
"20","Bryce Young","CAR","QB","https://static.www.nfl.com/image/upload/f_auto,q_auto/league/qy1lfhlzhiacsyzzm1j7",2026-06-30,3000.5,-114,-114,NA,NA,NA,NA,NA,NA,20.5,-114,-114,NA,NA,NA,NA,NA,NA,NA,NA,NA,NA,3196.79439252336,21.8411214953271,215.236261682243
"21","Jahmyr Gibbs","DET","RB","https://static.www.nfl.com/image/upload/f_auto,q_auto/league/hjxk3judytgsxkqiilre",2026-06-30,NA,NA,NA,1125.5,-114,-114,450.5,-114,-114,NA,NA,NA,NA,NA,NA,NA,NA,NA,1199.1308411215,NA,479.971962616822,NA,NA,NA,167.910280373832
"22","Christian McCaffrey","SF","RB","https://static.www.nfl.com/image/upload/f_auto,q_auto/league/resjdwihunsqckohcorj",2026-06-30,NA,NA,NA,925.5,-114,-114,550.5,-114,-114,NA,NA,NA,NA,NA,NA,NA,NA,NA,986.046728971962,NA,586.514018691589,NA,NA,NA,157.256074766355
"23","Fernando Mendoza","LV","QB",NA,2026-06-30,2350.5,-114,-114,NA,NA,NA,NA,NA,NA,12.5,-122,-108,NA,NA,NA,NA,NA,NA,NA,NA,NA,NA,2504.27102803738,13.3749133749134,153.670494621149
"24","Puka Nacua","LAR","WR","https://static.www.nfl.com/image/upload/f_auto,q_auto/league/zvi4hdm6fywcekfe7ceb",2026-06-30,NA,NA,NA,NA,NA,NA,1375.5,-114,-114,NA,NA,NA,NA,NA,NA,NA,NA,NA,NA,NA,1465.48598130841,NA,NA,NA,146.548598130841
"25","Jaxon Smith-Njigba","SEA","WR","https://static.www.nfl.com/image/upload/f_auto,q_auto/league/jpvhsregfvw46mlyckzj",2026-06-30,NA,NA,NA,NA,NA,NA,1350.5,-114,-114,NA,NA,NA,NA,NA,NA,NA,NA,NA,NA,NA,1438.85046728972,NA,NA,NA,143.885046728972
"26","JaMarr Chase","CIN","WR","https://static.www.nfl.com/image/upload/f_auto,q_auto/league/qya3dtjb5kgofcuj2tuw",2026-06-30,NA,NA,NA,NA,NA,NA,1325.5,-114,-114,NA,NA,NA,NA,NA,NA,NA,NA,NA,NA,NA,1412.21495327103,NA,NA,NA,141.221495327103
"27","Joe Burrow","CIN","QB","https://static.www.nfl.com/image/upload/f_auto,q_auto/league/gnnvcgui1cijybukk2w7",2026-06-30,NA,NA,NA,NA,NA,NA,NA,NA,NA,32.5,-114,-114,NA,NA,NA,NA,NA,NA,NA,NA,NA,NA,NA,34.6261682242991,138.504672897196
"28","Jonathan Taylor","IND","RB","https://static.www.nfl.com/image/upload/f_auto,q_auto/league/uwmnrhwtwug0wrgkomjk",2026-06-30,NA,NA,NA,1250.5,-114,-114,NA,NA,NA,NA,NA,NA,NA,NA,NA,NA,NA,NA,1332.30841121495,NA,NA,NA,NA,NA,133.230841121495
"29","Amon-Ra St Brown","DET","WR","https://static.www.nfl.com/image/upload/f_auto,q_auto/league/fd8nwhm6pvxfyzphzl6i",2026-06-30,NA,NA,NA,NA,NA,NA,1225.5,-114,-114,NA,NA,NA,NA,NA,NA,NA,NA,NA,NA,NA,1305.67289719626,NA,NA,NA,130.567289719626
"30","Derrick Henry","BAL","RB","https://static.www.nfl.com/image/upload/f_auto,q_auto/league/jxtikemnvpkw9r0ex2wv",2026-06-30,NA,NA,NA,1225.5,-114,-114,NA,NA,NA,NA,NA,NA,NA,NA,NA,NA,NA,NA,1305.67289719626,NA,NA,NA,NA,NA,130.567289719626
"31","Aaron Rodgers","PIT","QB","https://static.www.nfl.com/image/upload/f_auto,q_auto/league/dypvakakxhccxs67tb0y",2026-06-30,3050.5,-114,-114,NA,NA,NA,NA,NA,NA,NA,NA,NA,NA,NA,NA,NA,NA,NA,NA,NA,NA,NA,3250.06542056075,NA,130.00261682243
"32","CeeDee Lamb","DAL","WR","https://static.www.nfl.com/image/upload/f_auto,q_auto/league/ijxzvtumjhqu3zva1bwc",2026-06-30,NA,NA,NA,NA,NA,NA,1200.5,-114,-114,NA,NA,NA,NA,NA,NA,NA,NA,NA,NA,NA,1279.03738317757,NA,NA,NA,127.903738317757
"33","James Cook","BUF","RB","https://static.www.nfl.com/image/upload/f_auto,q_auto/league/anjbznqb9i21wzcgrtbs",2026-06-30,NA,NA,NA,1200.5,-114,-114,NA,NA,NA,NA,NA,NA,NA,NA,NA,NA,NA,NA,1279.03738317757,NA,NA,NA,NA,NA,127.903738317757
"34","Bijan Robinson","ATL","RB","https://static.www.nfl.com/image/upload/f_auto,q_auto/league/rjaf9auhx3lrktzgwpfb",2026-06-30,NA,NA,NA,1150.5,-114,-114,NA,NA,NA,NA,NA,NA,NA,NA,NA,NA,NA,NA,1225.76635514019,NA,NA,NA,NA,NA,122.576635514019
"35","Justin Jefferson","MIN","WR","https://static.www.nfl.com/image/upload/f_auto,q_auto/league/f0ccavu3ppzcs51e1cuv",2026-06-30,NA,NA,NA,NA,NA,NA,1150.5,-114,-114,NA,NA,NA,NA,NA,NA,NA,NA,NA,NA,NA,1225.76635514019,NA,NA,NA,122.576635514019
"36","Justin Jefferson","MIN","LB",NA,2026-06-30,NA,NA,NA,NA,NA,NA,1150.5,-114,-114,NA,NA,NA,NA,NA,NA,NA,NA,NA,NA,NA,1225.76635514019,NA,NA,NA,122.576635514019
"37","AJ Brown","NE","WR","https://static.www.nfl.com/image/private/f_auto,q_auto/league/a014sgzctarbvhwb35lw",2026-06-30,NA,NA,NA,NA,NA,NA,1100.5,-114,-114,NA,NA,NA,NA,NA,NA,NA,NA,NA,NA,NA,1172.4953271028,NA,NA,NA,117.24953271028
"38","Drake London","ATL","WR","https://static.www.nfl.com/image/upload/f_auto,q_auto/league/np91pvk7mczra1iyjkmo",2026-06-30,NA,NA,NA,NA,NA,NA,1100.5,-114,-114,NA,NA,NA,NA,NA,NA,NA,NA,NA,NA,NA,1172.4953271028,NA,NA,NA,117.24953271028
"39","George Pickens","DAL","WR","https://static.www.nfl.com/image/upload/f_auto,q_auto/league/cbpyykoguf7rsxezqzvk",2026-06-30,NA,NA,NA,NA,NA,NA,1050.5,-114,-114,NA,NA,NA,NA,NA,NA,NA,NA,NA,NA,NA,1119.22429906542,NA,NA,NA,111.922429906542
"40","Nico Collins","HOU","WR","https://static.www.nfl.com/image/upload/f_auto,q_auto/league/osmqyvmib3pssxi6cyic",2026-06-30,NA,NA,NA,NA,NA,NA,1050.5,-114,-114,NA,NA,NA,NA,NA,NA,NA,NA,NA,NA,NA,1119.22429906542,NA,NA,NA,111.922429906542
"41","Saquon Barkley","PHI","RB","https://static.www.nfl.com/image/upload/f_auto,q_auto/league/ern1nbhivkmwkg82c7v1",2026-06-30,NA,NA,NA,1050.5,-114,-114,NA,NA,NA,NA,NA,NA,NA,NA,NA,NA,NA,NA,1119.22429906542,NA,NA,NA,NA,NA,111.922429906542
"42","DeVon Achane","MIA","RB","https://static.www.nfl.com/image/upload/f_auto,q_auto/league/xk1xwio0bryfxo1ylweu",2026-06-30,NA,NA,NA,975.5,-114,-114,NA,NA,NA,NA,NA,NA,NA,NA,NA,NA,NA,NA,1039.31775700935,NA,NA,NA,NA,NA,103.931775700935
"43","Garrett Wilson","NYJ","WR","https://static.www.nfl.com/image/upload/f_auto,q_auto/league/kbijsheobhwej7lh8mvf",2026-06-30,NA,NA,NA,NA,NA,NA,975.5,-114,-114,NA,NA,NA,NA,NA,NA,NA,NA,NA,NA,NA,1039.31775700935,NA,NA,NA,103.931775700935
"44","Javonte Williams","DAL","RB","https://static.www.nfl.com/image/upload/f_auto,q_auto/league/hwzske22c4wrlf27qrih",2026-06-30,NA,NA,NA,975.5,-114,-114,NA,NA,NA,NA,NA,NA,NA,NA,NA,NA,NA,NA,1039.31775700935,NA,NA,NA,NA,NA,103.931775700935
"45","Zay Flowers","BAL","WR","https://static.www.nfl.com/image/upload/f_auto,q_auto/league/sqqh8gmxdpo55qwpsszj",2026-06-30,NA,NA,NA,NA,NA,NA,975.5,-114,-114,NA,NA,NA,NA,NA,NA,NA,NA,NA,NA,NA,1039.31775700935,NA,NA,NA,103.931775700935
"46","Trey McBride","ARI","TE","https://static.www.nfl.com/image/upload/f_auto,q_auto/league/vd7av3vdfs6q7ncjogac",2026-06-30,NA,NA,NA,NA,NA,NA,950.5,-114,-114,NA,NA,NA,NA,NA,NA,NA,NA,NA,NA,NA,1012.68224299065,NA,NA,NA,101.268224299065
"47","Ashton Jeanty","LV","RB","https://static.www.nfl.com/image/upload/f_auto,q_auto/league/syspis1mntov9kgspb7r",2026-06-30,NA,NA,NA,925.5,-114,-114,NA,NA,NA,NA,NA,NA,NA,NA,NA,NA,NA,NA,986.046728971962,NA,NA,NA,NA,NA,98.6046728971963
"48","Kenneth Walker","KC","RB","https://static.www.nfl.com/image/upload/f_auto,q_auto/league/mnzsnemdzbey5hbahdhk",2026-06-30,NA,NA,NA,925.5,-114,-114,NA,NA,NA,NA,NA,NA,NA,NA,NA,NA,NA,NA,986.046728971962,NA,NA,NA,NA,NA,98.6046728971963
"49","Kyren Williams","LAR","RB","https://static.www.nfl.com/image/upload/f_auto,q_auto/league/smsyrjrwy0lf0hu9hkvg",2026-06-30,NA,NA,NA,925.5,-114,-114,NA,NA,NA,NA,NA,NA,NA,NA,NA,NA,NA,NA,986.046728971962,NA,NA,NA,NA,NA,98.6046728971963
"50","Tetairoa McMillan","CAR","WR","https://static.www.nfl.com/image/upload/f_auto,q_auto/league/hokqp6gl5xujtlqwecg8",2026-06-30,NA,NA,NA,NA,NA,NA,925.5,-114,-114,NA,NA,NA,NA,NA,NA,NA,NA,NA,NA,NA,986.046728971962,NA,NA,NA,98.6046728971963
"51","Omarion Hampton","LAC","RB","https://static.www.nfl.com/image/upload/f_auto,q_auto/league/ck7xcbwuka7wu2zwhssk",2026-06-30,NA,NA,NA,900.5,-122,-108,NA,NA,NA,NA,NA,NA,NA,NA,NA,NA,NA,NA,962.451836451836,NA,NA,NA,NA,NA,96.2451836451837
"52","Breece Hall","NYJ","RB","https://static.www.nfl.com/image/upload/f_auto,q_auto/league/m3dviruymtm2wl2zcpmr",2026-06-30,NA,NA,NA,900.5,-114,-114,NA,NA,NA,NA,NA,NA,NA,NA,NA,NA,NA,NA,959.411214953271,NA,NA,NA,NA,NA,95.9411214953271
"53","Jameson Williams","DET","WR","https://static.www.nfl.com/image/upload/f_auto,q_auto/league/gpjarmglg1jhwq5wr1uu",2026-06-30,NA,NA,NA,NA,NA,NA,900.5,-114,-114,NA,NA,NA,NA,NA,NA,NA,NA,NA,NA,NA,959.411214953271,NA,NA,NA,95.9411214953271
"54","Quinshon Judkins","CLE","RB","https://static.www.nfl.com/image/upload/f_auto,q_auto/league/ojtce2im0wp2ltyel0vc",2026-06-30,NA,NA,NA,900.5,-114,-114,NA,NA,NA,NA,NA,NA,NA,NA,NA,NA,NA,NA,959.411214953271,NA,NA,NA,NA,NA,95.9411214953271
"55","Quinshon Judkins","CLE","DL","https://static.www.nfl.com/image/upload/f_auto,q_auto/league/ojtce2im0wp2ltyel0vc",2026-06-30,NA,NA,NA,900.5,-114,-114,NA,NA,NA,NA,NA,NA,NA,NA,NA,NA,NA,NA,959.411214953271,NA,NA,NA,NA,NA,95.9411214953271
"56","Terry McLaurin","WAS","WR","https://static.www.nfl.com/image/upload/f_auto,q_auto/league/wokz1etv1wj1vhbmvxgs",2026-06-30,NA,NA,NA,NA,NA,NA,900.5,-114,-114,NA,NA,NA,NA,NA,NA,NA,NA,NA,NA,NA,959.411214953271,NA,NA,NA,95.9411214953271
"57","Brock Bowers","LV","TE","https://static.www.nfl.com/image/upload/f_auto,q_auto/league/uzp2ffi0lomamxofsrhy",2026-06-30,NA,NA,NA,NA,NA,NA,875.5,-114,-114,NA,NA,NA,NA,NA,NA,NA,NA,NA,NA,NA,932.775700934579,NA,NA,NA,93.2775700934579
"58","Jeremiyah Love","ARI","RB",NA,2026-06-30,NA,NA,NA,875.5,-114,-114,NA,NA,NA,NA,NA,NA,NA,NA,NA,NA,NA,NA,932.775700934579,NA,NA,NA,NA,NA,93.2775700934579
"59","Tee Higgins","CIN","WR","https://static.www.nfl.com/image/upload/f_auto,q_auto/league/flr9f8oqigbyroeaubxb",2026-06-30,NA,NA,NA,NA,NA,NA,875.5,-114,-114,NA,NA,NA,NA,NA,NA,NA,NA,NA,NA,NA,932.775700934579,NA,NA,NA,93.2775700934579
"60","Emeka Egbuka","TB","WR","https://static.www.nfl.com/image/upload/f_auto,q_auto/league/qolqqtwamffi0pi4np7h",2026-06-30,NA,NA,NA,NA,NA,NA,850.5,-114,-114,NA,NA,NA,NA,NA,NA,NA,NA,NA,NA,NA,906.140186915888,NA,NA,NA,90.6140186915888
"61","Jaylen Waddle","DEN","WR","https://static.www.nfl.com/image/upload/f_auto,q_auto/league/dsxd2zcqm42wsv4ewtfc",2026-06-30,NA,NA,NA,NA,NA,NA,850.5,-114,-114,NA,NA,NA,NA,NA,NA,NA,NA,NA,NA,NA,906.140186915888,NA,NA,NA,90.6140186915888
"62","Ladd McConkey","LAC","WR","https://static.www.nfl.com/image/upload/f_auto,q_auto/league/qsvdiebsa34jtkcrjpju",2026-06-30,NA,NA,NA,NA,NA,NA,850.5,-114,-114,NA,NA,NA,NA,NA,NA,NA,NA,NA,NA,NA,906.140186915888,NA,NA,NA,90.6140186915888
"63","Chase Brown","CIN","RB","https://static.www.nfl.com/image/upload/f_auto,q_auto/league/pv3sq3uzosixxexbznq5",2026-06-30,NA,NA,NA,825.5,-114,-114,NA,NA,NA,NA,NA,NA,NA,NA,NA,NA,NA,NA,879.504672897196,NA,NA,NA,NA,NA,87.9504672897196
"64","David Montgomery","HOU","RB","https://static.www.nfl.com/image/upload/f_auto,q_auto/league/xeb6fq4zimgkksq7uari",2026-06-30,NA,NA,NA,825.5,-114,-114,NA,NA,NA,NA,NA,NA,NA,NA,NA,NA,NA,NA,879.504672897196,NA,NA,NA,NA,NA,87.9504672897196
"65","Marvin Harrison","ARI","WR","https://static.www.nfl.com/image/upload/f_auto,q_auto/league/hwpoo1icpnh8emjvqaii",2026-06-30,NA,NA,NA,NA,NA,NA,825.5,-114,-114,NA,NA,NA,NA,NA,NA,NA,NA,NA,NA,NA,879.504672897196,NA,NA,NA,87.9504672897196
"66","DAndre Swift","CHI","RB","https://static.www.nfl.com/image/upload/f_auto,q_auto/league/owpmwzoilitcodc6cmxo",2026-06-30,NA,NA,NA,800.5,-114,-114,NA,NA,NA,NA,NA,NA,NA,NA,NA,NA,NA,NA,852.869158878505,NA,NA,NA,NA,NA,85.2869158878505
"67","Davante Adams","LAR","WR","https://static.www.nfl.com/image/upload/f_auto,q_auto/league/qtonvcqpixixqhc6lhnc",2026-06-30,NA,NA,NA,NA,NA,NA,800.5,-114,-114,NA,NA,NA,NA,NA,NA,NA,NA,NA,NA,NA,852.869158878505,NA,NA,NA,85.2869158878505
"68","Luther Burden","CHI","WR","https://static.www.nfl.com/image/upload/f_auto,q_auto/league/iyuwdz7pbowdkwzq2tg5",2026-06-30,NA,NA,NA,NA,NA,NA,800.5,-114,-114,NA,NA,NA,NA,NA,NA,NA,NA,NA,NA,NA,852.869158878505,NA,NA,NA,85.2869158878505
"69","Mike Evans","SF","WR","https://static.www.nfl.com/image/upload/f_auto,q_auto/league/yaxorbdsvk1ucfuiyrkj",2026-06-30,NA,NA,NA,NA,NA,NA,800.5,-114,-114,NA,NA,NA,NA,NA,NA,NA,NA,NA,NA,NA,852.869158878505,NA,NA,NA,85.2869158878505
"70","Rome Odunze","CHI","WR","https://static.www.nfl.com/image/upload/f_auto,q_auto/league/yqjdhpsno75du0n72u4w",2026-06-30,NA,NA,NA,NA,NA,NA,800.5,-114,-114,NA,NA,NA,NA,NA,NA,NA,NA,NA,NA,NA,852.869158878505,NA,NA,NA,85.2869158878505
"71","Tony Pollard","TEN","RB","https://static.www.nfl.com/image/upload/f_auto,q_auto/league/dvpdczetkdhrqpm8izmd",2026-06-30,NA,NA,NA,800.5,-114,-114,NA,NA,NA,NA,NA,NA,NA,NA,NA,NA,NA,NA,852.869158878505,NA,NA,NA,NA,NA,85.2869158878505
"72","Carnell Tate","TEN","WR",NA,2026-06-30,NA,NA,NA,NA,NA,NA,775.5,-114,-114,NA,NA,NA,NA,NA,NA,NA,NA,NA,NA,NA,826.233644859813,NA,NA,NA,82.6233644859813
"73","Colston Loveland","CHI","TE","https://static.www.nfl.com/image/upload/f_auto,q_auto/league/tyjb6vfug7gaunvcune3",2026-06-30,NA,NA,NA,NA,NA,NA,775.5,-114,-114,NA,NA,NA,NA,NA,NA,NA,NA,NA,NA,NA,826.233644859813,NA,NA,NA,82.6233644859813
"74","Courtland Sutton","DEN","WR","https://static.www.nfl.com/image/upload/f_auto,q_auto/league/r2sr6cbma4c7wc3isejj",2026-06-30,NA,NA,NA,NA,NA,NA,775.5,-114,-114,NA,NA,NA,NA,NA,NA,NA,NA,NA,NA,NA,826.233644859813,NA,NA,NA,82.6233644859813
"75","Christian Watson","GB","WR","https://static.www.nfl.com/image/upload/f_auto,q_auto/league/syljognztlbghfeqyqn1",2026-06-30,NA,NA,NA,NA,NA,NA,750.5,-114,-114,NA,NA,NA,NA,NA,NA,NA,NA,NA,NA,NA,799.598130841121,NA,NA,NA,79.9598130841122
"76","Jordyn Tyson","NO","WR",NA,2026-06-30,NA,NA,NA,NA,NA,NA,750.5,-114,-114,NA,NA,NA,NA,NA,NA,NA,NA,NA,NA,NA,799.598130841121,NA,NA,NA,79.9598130841122
"77","Travis Etienne","NO","RB","https://static.www.nfl.com/image/upload/f_auto,q_auto/league/gc0iljgj34piecyfueyd",2026-06-30,NA,NA,NA,750.5,-114,-114,NA,NA,NA,NA,NA,NA,NA,NA,NA,NA,NA,NA,799.598130841121,NA,NA,NA,NA,NA,79.9598130841122
"78","Tyler Warren","IND","TE","https://static.www.nfl.com/image/upload/f_auto,q_auto/league/jt2almbzdk0kbha39otb",2026-06-30,NA,NA,NA,NA,NA,NA,750.5,-114,-114,NA,NA,NA,NA,NA,NA,NA,NA,NA,NA,NA,799.598130841121,NA,NA,NA,79.9598130841122
"79","George Kittle","SF","TE","https://static.www.nfl.com/image/upload/f_auto,q_auto/league/ztz3xqjaqgok9m4nylgs",2026-06-30,NA,NA,NA,NA,NA,NA,725.5,-114,-114,NA,NA,NA,NA,NA,NA,NA,NA,NA,NA,NA,772.96261682243,NA,NA,NA,77.296261682243
"80","Kyle Pitts","ATL","TE","https://static.www.nfl.com/image/upload/f_auto,q_auto/league/tbec213me3pszzszecqo",2026-06-30,NA,NA,NA,NA,NA,NA,725.5,-114,-114,NA,NA,NA,NA,NA,NA,NA,NA,NA,NA,NA,772.96261682243,NA,NA,NA,77.296261682243
"81","Michael Pittman","PIT","WR","https://static.www.nfl.com/image/upload/f_auto,q_auto/league/z78xpye9hing1e7wke8b",2026-06-30,NA,NA,NA,NA,NA,NA,725.5,-114,-114,NA,NA,NA,NA,NA,NA,NA,NA,NA,NA,NA,772.96261682243,NA,NA,NA,77.296261682243
"82","TreVeyon Henderson","NE","RB","https://static.www.nfl.com/image/upload/f_auto,q_auto/league/cfcux3dnfmbmz3qzrnco",2026-06-30,NA,NA,NA,700.5,-114,-114,NA,NA,NA,NA,NA,NA,NA,NA,NA,NA,NA,NA,746.327102803738,NA,NA,NA,NA,NA,74.6327102803738
"83","JK Dobbins","DEN","RB","https://static.www.nfl.com/image/upload/f_auto,q_auto/league/cevotvl3ho5h1mioruyg",2026-06-30,NA,NA,NA,675.5,-114,-114,NA,NA,NA,NA,NA,NA,NA,NA,NA,NA,NA,NA,719.691588785047,NA,NA,NA,NA,NA,71.9691588785047
"84","Travis Kelce","KC","TE","https://static.www.nfl.com/image/upload/f_auto,q_auto/league/ebc5j60djpinc9elvlc5",2026-06-30,NA,NA,NA,NA,NA,NA,675.5,-114,-114,NA,NA,NA,NA,NA,NA,NA,NA,NA,NA,NA,719.691588785047,NA,NA,NA,71.9691588785047
"85","Jaylen Warren","PIT","RB","https://static.www.nfl.com/image/upload/f_auto,q_auto/league/f3txbqdarbabqtq4sx98",2026-06-30,NA,NA,NA,650.5,-114,-114,NA,NA,NA,NA,NA,NA,NA,NA,NA,NA,NA,NA,693.056074766355,NA,NA,NA,NA,NA,69.3056074766355
"86","Sam LaPorta","DET","TE","https://static.www.nfl.com/image/upload/f_auto,q_auto/league/qfcy3taaoage00rrl0cc",2026-06-30,NA,NA,NA,NA,NA,NA,650.5,-114,-114,NA,NA,NA,NA,NA,NA,NA,NA,NA,NA,NA,693.056074766355,NA,NA,NA,69.3056074766355
"87","KC Concepcion","CLE","WR",NA,2026-06-30,NA,NA,NA,NA,NA,NA,600.5,-114,-114,NA,NA,NA,NA,NA,NA,NA,NA,NA,NA,NA,639.785046728972,NA,NA,NA,63.9785046728972
"88","Makai Lemon","PHI","WR",NA,2026-06-30,NA,NA,NA,NA,NA,NA,600.5,-114,-114,NA,NA,NA,NA,NA,NA,NA,NA,NA,NA,NA,639.785046728972,NA,NA,NA,63.9785046728972
"89","Rhamondre Stevenson","NE","RB","https://static.www.nfl.com/image/upload/f_auto,q_auto/league/ed09migntlyy8ntgvcu1",2026-06-30,NA,NA,NA,600.5,-114,-114,NA,NA,NA,NA,NA,NA,NA,NA,NA,NA,NA,NA,639.785046728972,NA,NA,NA,NA,NA,63.9785046728972
"90","Mark Andrews","BAL","TE","https://static.www.nfl.com/image/upload/f_auto,q_auto/league/wzx3p0hzm3qyqsrfqznb",2026-06-30,NA,NA,NA,NA,NA,NA,500.5,-114,-114,NA,NA,NA,NA,NA,NA,NA,NA,NA,NA,NA,533.242990654206,NA,NA,NA,53.3242990654206
"91","Omar Cooper","NYJ","WR",NA,2026-06-30,NA,NA,NA,NA,NA,NA,500.5,-114,-114,NA,NA,NA,NA,NA,NA,NA,NA,NA,NA,NA,533.242990654206,NA,NA,NA,53.3242990654206
"92","Rashid Shaheed","SEA","WR","https://static.www.nfl.com/image/upload/f_auto,q_auto/league/ynsy489xqmiwt5q9whty",2026-06-30,NA,NA,NA,NA,NA,NA,475.5,-114,-114,NA,NA,NA,NA,NA,NA,NA,NA,NA,NA,NA,506.607476635514,NA,NA,NA,50.6607476635514
"93","Kenyon Sadiq","NYJ","TE",NA,2026-06-30,NA,NA,NA,NA,NA,NA,450.5,-114,-114,NA,NA,NA,NA,NA,NA,NA,NA,NA,NA,NA,479.971962616822,NA,NA,NA,47.9971962616822
"94","Aaron Jones","MIN","RB","https://static.www.nfl.com/image/upload/f_auto,q_auto/league/bktkfvgfwujkdbzkcfim",2026-06-30,NA,NA,NA,NA,NA,NA,NA,NA,NA,NA,NA,NA,NA,NA,NA,NA,NA,NA,NA,NA,NA,NA,NA,NA,0
"95","Bhayshul Tuten","JAX","RB","https://static.www.nfl.com/image/upload/f_auto,q_auto/league/uf6bidyfjeemrlgsibiz",2026-06-30,NA,NA,NA,NA,NA,NA,NA,NA,NA,NA,NA,NA,NA,NA,NA,NA,NA,NA,NA,NA,NA,NA,NA,NA,0
"96","Blake Corum","LAR","RB","https://static.www.nfl.com/image/upload/f_auto,q_auto/league/gytdgnrjj3jk8rlfxz85",2026-06-30,NA,NA,NA,NA,NA,NA,NA,NA,NA,NA,NA,NA,NA,NA,NA,NA,NA,NA,NA,NA,NA,NA,NA,NA,0
"97","Bo Nix","DEN","QB","https://static.www.nfl.com/image/upload/f_auto,q_auto/league/igirshmrr6lqtxcpxsea",2026-06-30,NA,NA,NA,NA,NA,NA,NA,NA,NA,NA,NA,NA,NA,NA,NA,NA,NA,NA,NA,NA,NA,NA,NA,NA,0
"98","Brenton Strange","JAX","TE","https://static.www.nfl.com/image/upload/f_auto,q_auto/league/yabpcvadjlrkxzducv7k",2026-06-30,NA,NA,NA,NA,NA,NA,NA,NA,NA,NA,NA,NA,NA,NA,NA,NA,NA,NA,NA,NA,NA,NA,NA,NA,0
"99","Brian Thomas","JAX","WR","https://static.www.nfl.com/image/upload/f_auto,q_auto/league/plnekkriys4cm11rnxwl",2026-06-30,NA,NA,NA,NA,NA,NA,NA,NA,NA,NA,NA,NA,NA,NA,NA,NA,NA,NA,NA,NA,NA,NA,NA,NA,0
"100","Bucky Irving","TB","RB","https://static.www.nfl.com/image/upload/f_auto,q_auto/league/hmgpumoxwhvrrkcjuuuw",2026-06-30,NA,NA,NA,NA,NA,NA,NA,NA,NA,NA,NA,NA,NA,NA,NA,NA,NA,NA,NA,NA,NA,NA,NA,NA,0
"101","Cade Otton","TB","TE","https://static.www.nfl.com/image/upload/f_auto,q_auto/league/dlgxvfpnufpnxkvu1ynb",2026-06-30,NA,NA,NA,NA,NA,NA,NA,NA,NA,NA,NA,NA,NA,NA,NA,NA,NA,NA,NA,NA,NA,NA,NA,NA,0
"102","Calvin Ridley","TEN","WR","https://static.www.nfl.com/image/upload/f_auto,q_auto/league/l96rlegwqz7qfakbdtlp",2026-06-30,NA,NA,NA,NA,NA,NA,NA,NA,NA,NA,NA,NA,NA,NA,NA,NA,NA,NA,NA,NA,NA,NA,NA,NA,0
"103","Cam Skattebo","NYG","RB","https://static.www.nfl.com/image/upload/f_auto,q_auto/league/vnftthkbvw7ucsqtqjpq",2026-06-30,NA,NA,NA,NA,NA,NA,NA,NA,NA,NA,NA,NA,NA,NA,NA,NA,NA,NA,NA,NA,NA,NA,NA,NA,0
"104","Chig Okonkwo","WAS","TE","https://static.www.nfl.com/image/upload/f_auto,q_auto/league/omm5z5iq6dlmidqz1sgz",2026-06-30,NA,NA,NA,NA,NA,NA,NA,NA,NA,NA,NA,NA,NA,NA,NA,NA,NA,NA,NA,NA,NA,NA,NA,NA,0
"105","Chris Godwin","TB","WR","https://static.www.nfl.com/image/upload/f_auto,q_auto/league/ilkheljdx4hbjpisulke",2026-06-30,NA,NA,NA,NA,NA,NA,NA,NA,NA,NA,NA,NA,NA,NA,NA,NA,NA,NA,NA,NA,NA,NA,NA,NA,0
"106","Chris Olave","NO","WR","https://static.www.nfl.com/image/upload/f_auto,q_auto/league/vrrmyvpvujynckag9jop",2026-06-30,NA,NA,NA,NA,NA,NA,NA,NA,NA,NA,NA,NA,NA,NA,NA,NA,NA,NA,NA,NA,NA,NA,NA,NA,0
"107","Chuba Hubbard","CAR","RB","https://static.www.nfl.com/image/upload/f_auto,q_auto/league/pjgml85ghq7oa48dctn7",2026-06-30,NA,NA,NA,NA,NA,NA,NA,NA,NA,NA,NA,NA,NA,NA,NA,NA,NA,NA,NA,NA,NA,NA,NA,NA,0
"108","DJ Moore","BUF","WR","https://static.www.nfl.com/image/upload/f_auto,q_auto/league/qphturmeiifnqrnf5pax",2026-06-30,NA,NA,NA,NA,NA,NA,NA,NA,NA,NA,NA,NA,NA,NA,NA,NA,NA,NA,NA,NA,NA,NA,NA,NA,0
"109","DK Metcalf","PIT","WR","https://static.www.nfl.com/image/upload/f_auto,q_auto/league/tknefloqsleltfmslj2y",2026-06-30,NA,NA,NA,NA,NA,NA,NA,NA,NA,NA,NA,NA,NA,NA,NA,NA,NA,NA,NA,NA,NA,NA,NA,NA,0
"110","Dallas Goedert","PHI","TE","https://static.www.nfl.com/image/upload/f_auto,q_auto/league/a6ljhwvkehvyiufdx3d1",2026-06-30,NA,NA,NA,NA,NA,NA,NA,NA,NA,NA,NA,NA,NA,NA,NA,NA,NA,NA,NA,NA,NA,NA,NA,NA,0
"111","Dalton Kincaid","BUF","TE","https://static.www.nfl.com/image/upload/f_auto,q_auto/league/zwkeaiecuyafkidllebz",2026-06-30,NA,NA,NA,NA,NA,NA,NA,NA,NA,NA,NA,NA,NA,NA,NA,NA,NA,NA,NA,NA,NA,NA,NA,NA,0
"112","Dalton Schultz","HOU","TE","https://static.www.nfl.com/image/upload/f_auto,q_auto/league/xbl9mhuamzv5udb4hyzj",2026-06-30,NA,NA,NA,NA,NA,NA,NA,NA,NA,NA,NA,NA,NA,NA,NA,NA,NA,NA,NA,NA,NA,NA,NA,NA,0
"113","DeVonta Smith","PHI","WR","https://static.www.nfl.com/image/upload/f_auto,q_auto/league/vj2fz8veorg1k5qthnjm",2026-06-30,NA,NA,NA,NA,NA,NA,NA,NA,NA,NA,NA,NA,NA,NA,NA,NA,NA,NA,NA,NA,NA,NA,NA,NA,0
"114","DeVonta Smith","PHI","DB",NA,2026-06-30,NA,NA,NA,NA,NA,NA,NA,NA,NA,NA,NA,NA,NA,NA,NA,NA,NA,NA,NA,NA,NA,NA,NA,NA,0
"115","Denzel Boston","CLE","WR",NA,2026-06-30,NA,NA,NA,NA,NA,NA,NA,NA,NA,NA,NA,NA,NA,NA,NA,NA,NA,NA,NA,NA,NA,NA,NA,NA,0
"116","Germie Bernard","PIT","WR",NA,2026-06-30,NA,NA,NA,NA,NA,NA,NA,NA,NA,NA,NA,NA,NA,NA,NA,NA,NA,NA,NA,NA,NA,NA,NA,NA,0
"117","Greg Dulcich","MIA","TE","https://static.www.nfl.com/image/upload/f_auto,q_auto/league/kirfnwuge3eam1s0ycne",2026-06-30,NA,NA,NA,NA,NA,NA,NA,NA,NA,NA,NA,NA,NA,NA,NA,NA,NA,NA,NA,NA,NA,NA,NA,NA,0
"118","Gunnar Helm","TEN","TE","https://static.www.nfl.com/image/upload/f_auto,q_auto/league/lcyqbbnrzgtbnirz8knj",2026-06-30,NA,NA,NA,NA,NA,NA,NA,NA,NA,NA,NA,NA,NA,NA,NA,NA,NA,NA,NA,NA,NA,NA,NA,NA,0
"119","Harold Fannin","CLE","TE","https://static.www.nfl.com/image/upload/f_auto,q_auto/league/fxublmpnxx9uggsddwik",2026-06-30,NA,NA,NA,NA,NA,NA,NA,NA,NA,NA,NA,NA,NA,NA,NA,NA,NA,NA,NA,NA,NA,NA,NA,NA,0
"120","Hunter Henry","NE","TE","https://static.www.nfl.com/image/upload/f_auto,q_auto/league/l0fsrutz9fwbohx10lcf",2026-06-30,NA,NA,NA,NA,NA,NA,NA,NA,NA,NA,NA,NA,NA,NA,NA,NA,NA,NA,NA,NA,NA,NA,NA,NA,0
"121","Isaiah Likely","NYG","TE","https://static.www.nfl.com/image/upload/f_auto,q_auto/league/ssrjtyvnyfflobmi0mb8",2026-06-30,NA,NA,NA,NA,NA,NA,NA,NA,NA,NA,NA,NA,NA,NA,NA,NA,NA,NA,NA,NA,NA,NA,NA,NA,0
"122","Isiah Pacheco","DET","RB","https://static.www.nfl.com/image/upload/f_auto,q_auto/league/tqshteijt4xhgk2ei9sx",2026-06-30,NA,NA,NA,NA,NA,NA,NA,NA,NA,NA,NA,NA,NA,NA,NA,NA,NA,NA,NA,NA,NA,NA,NA,NA,0
"123","Jacory Croskey-Merritt","WAS","RB","https://static.www.nfl.com/image/upload/f_auto,q_auto/league/tklzj7zzve1t4z2hhr1g",2026-06-30,NA,NA,NA,NA,NA,NA,NA,NA,NA,NA,NA,NA,NA,NA,NA,NA,NA,NA,NA,NA,NA,NA,NA,NA,0
"124","Jadarian Price","SEA","RB",NA,2026-06-30,NA,NA,NA,NA,NA,NA,NA,NA,NA,NA,NA,NA,NA,NA,NA,NA,NA,NA,NA,NA,NA,NA,NA,NA,0
"125","Jake Ferguson","DAL","TE","https://static.www.nfl.com/image/upload/f_auto,q_auto/league/ebdz1yf8ky2mscdvyv1v",2026-06-30,NA,NA,NA,NA,NA,NA,NA,NA,NA,NA,NA,NA,NA,NA,NA,NA,NA,NA,NA,NA,NA,NA,NA,NA,0
"126","Jakobi Meyers","JAX","WR","https://static.www.nfl.com/image/upload/f_auto,q_auto/league/qui5ajbevlk7pfjpcufz",2026-06-30,NA,NA,NA,NA,NA,NA,NA,NA,NA,NA,NA,NA,NA,NA,NA,NA,NA,NA,NA,NA,NA,NA,NA,NA,0
"127","Jalen Coker","CAR","WR","https://static.www.nfl.com/image/upload/f_auto,q_auto/league/tbo339znpzrfki8hri95",2026-06-30,NA,NA,NA,NA,NA,NA,NA,NA,NA,NA,NA,NA,NA,NA,NA,NA,NA,NA,NA,NA,NA,NA,NA,NA,0
"128","Jayden Higgins","HOU","WR","https://static.www.nfl.com/image/upload/f_auto,q_auto/league/wrdw1u4onrmfuuluuipk",2026-06-30,NA,NA,NA,NA,NA,NA,NA,NA,NA,NA,NA,NA,NA,NA,NA,NA,NA,NA,NA,NA,NA,NA,NA,NA,0
"129","Jayden Reed","GB","WR","https://static.www.nfl.com/image/upload/f_auto,q_auto/league/blh2tfg9qjthqo2g6ot4",2026-06-30,NA,NA,NA,NA,NA,NA,NA,NA,NA,NA,NA,NA,NA,NA,NA,NA,NA,NA,NA,NA,NA,NA,NA,NA,0
"130","Jerry Jeudy","CLE","WR","https://static.www.nfl.com/image/upload/f_auto,q_auto/league/szca1v9butuqkjs7ekpm",2026-06-30,NA,NA,NA,NA,NA,NA,NA,NA,NA,NA,NA,NA,NA,NA,NA,NA,NA,NA,NA,NA,NA,NA,NA,NA,0
"131","Jordan Addison","MIN","WR","https://static.www.nfl.com/image/upload/f_auto,q_auto/league/s2ey8g5memyqvxc52uzy",2026-06-30,NA,NA,NA,NA,NA,NA,NA,NA,NA,NA,NA,NA,NA,NA,NA,NA,NA,NA,NA,NA,NA,NA,NA,NA,0
"132","Jordan Mason","MIN","RB","https://static.www.nfl.com/image/upload/f_auto,q_auto/league/ixykwytfrfz1cdxlhj5w",2026-06-30,NA,NA,NA,NA,NA,NA,NA,NA,NA,NA,NA,NA,NA,NA,NA,NA,NA,NA,NA,NA,NA,NA,NA,NA,0
"133","Josh Downs","IND","WR","https://static.www.nfl.com/image/upload/f_auto,q_auto/league/gqozitn9vxnp8acz6wwg",2026-06-30,NA,NA,NA,NA,NA,NA,NA,NA,NA,NA,NA,NA,NA,NA,NA,NA,NA,NA,NA,NA,NA,NA,NA,NA,0
"134","Juwan Johnson","NO","TE","https://static.www.nfl.com/image/upload/f_auto,q_auto/league/wuyyzdqkh5fve8t7kfuv",2026-06-30,NA,NA,NA,NA,NA,NA,NA,NA,NA,NA,NA,NA,NA,NA,NA,NA,NA,NA,NA,NA,NA,NA,NA,NA,0
"135","Khalil Shakir","BUF","WR","https://static.www.nfl.com/image/upload/f_auto,q_auto/league/otadttbhvkmavhsonnqm",2026-06-30,NA,NA,NA,NA,NA,NA,NA,NA,NA,NA,NA,NA,NA,NA,NA,NA,NA,NA,NA,NA,NA,NA,NA,NA,0
"136","Kyle Monangai","CHI","RB","https://static.www.nfl.com/image/upload/f_auto,q_auto/league/cici2wf1walmoluhe95i",2026-06-30,NA,NA,NA,NA,NA,NA,NA,NA,NA,NA,NA,NA,NA,NA,NA,NA,NA,NA,NA,NA,NA,NA,NA,NA,0
"137","Kyler Murray","MIN","QB","https://static.www.nfl.com/image/upload/f_auto,q_auto/league/flezsremqighwuiyu77f",2026-06-30,NA,NA,NA,NA,NA,NA,NA,NA,NA,NA,NA,NA,NA,NA,NA,NA,NA,NA,NA,NA,NA,NA,NA,NA,0
"138","Malik Willis","MIA","QB","https://static.www.nfl.com/image/upload/f_auto,q_auto/league/hsnetccy7bquili3gcqq",2026-06-30,NA,NA,NA,NA,NA,NA,NA,NA,NA,NA,NA,NA,NA,NA,NA,NA,NA,NA,NA,NA,NA,NA,NA,NA,0
"139","Matthew Golden","GB","WR","https://static.www.nfl.com/image/upload/f_auto,q_auto/league/gkbhlytvkltv5whjo3ru",2026-06-30,NA,NA,NA,NA,NA,NA,NA,NA,NA,NA,NA,NA,NA,NA,NA,NA,NA,NA,NA,NA,NA,NA,NA,NA,0
"140","Michael Wilson","ARI","WR","https://static.www.nfl.com/image/upload/f_auto,q_auto/league/yc8awtck004bz2a5oeb8",2026-06-30,NA,NA,NA,NA,NA,NA,NA,NA,NA,NA,NA,NA,NA,NA,NA,NA,NA,NA,NA,NA,NA,NA,NA,NA,0
"141","Parker Washington","JAX","WR","https://static.www.nfl.com/image/upload/f_auto,q_auto/league/sqgxayp6nrrpvwonksdm",2026-06-30,NA,NA,NA,NA,NA,NA,NA,NA,NA,NA,NA,NA,NA,NA,NA,NA,NA,NA,NA,NA,NA,NA,NA,NA,0
"142","Pat Freiermuth","PIT","TE","https://static.www.nfl.com/image/upload/f_auto,q_auto/league/vmwioi77upc9hqwaskfa",2026-06-30,NA,NA,NA,NA,NA,NA,NA,NA,NA,NA,NA,NA,NA,NA,NA,NA,NA,NA,NA,NA,NA,NA,NA,NA,0
"143","Quentin Johnston","LAC","WR","https://static.www.nfl.com/image/upload/f_auto,q_auto/league/bpzdpin1xp1kjxmbkq6d",2026-06-30,NA,NA,NA,NA,NA,NA,NA,NA,NA,NA,NA,NA,NA,NA,NA,NA,NA,NA,NA,NA,NA,NA,NA,NA,0
"144","Rashod Bateman","BAL","WR","https://static.www.nfl.com/image/upload/f_auto,q_auto/league/gtktmsfcxc1eijwpwzyq",2026-06-30,NA,NA,NA,NA,NA,NA,NA,NA,NA,NA,NA,NA,NA,NA,NA,NA,NA,NA,NA,NA,NA,NA,NA,NA,0
"145","Ricky Pearsall","SF","WR","https://static.www.nfl.com/image/upload/f_auto,q_auto/league/ko3lwlcfkxaykcspt4nw",2026-06-30,NA,NA,NA,NA,NA,NA,NA,NA,NA,NA,NA,NA,NA,NA,NA,NA,NA,NA,NA,NA,NA,NA,NA,NA,0
"146","Rico Dowdle","PIT","RB","https://static.www.nfl.com/image/upload/f_auto,q_auto/league/cvnrzndsiaojvvxz8vo5",2026-06-30,NA,NA,NA,NA,NA,NA,NA,NA,NA,NA,NA,NA,NA,NA,NA,NA,NA,NA,NA,NA,NA,NA,NA,NA,0
"147","Romeo Doubs","NE","WR","https://static.www.nfl.com/image/upload/f_auto,q_auto/league/ov2llp1bfetznmngqybi",2026-06-30,NA,NA,NA,NA,NA,NA,NA,NA,NA,NA,NA,NA,NA,NA,NA,NA,NA,NA,NA,NA,NA,NA,NA,NA,0
"148","TJ Hockenson","MIN","TE","https://static.www.nfl.com/image/upload/f_auto,q_auto/league/rs8o65x0u0n9xzde0fd6",2026-06-30,NA,NA,NA,NA,NA,NA,NA,NA,NA,NA,NA,NA,NA,NA,NA,NA,NA,NA,NA,NA,NA,NA,NA,NA,0
"149","Tre Tucker","LV","WR","https://static.www.nfl.com/image/upload/f_auto,q_auto/league/fsx05ats4azj8mus03d4",2026-06-30,NA,NA,NA,NA,NA,NA,NA,NA,NA,NA,NA,NA,NA,NA,NA,NA,NA,NA,NA,NA,NA,NA,NA,NA,0
"150","Tucker Kraft","GB","TE","https://static.www.nfl.com/image/upload/f_auto,q_auto/league/yr6nj1zqaqg6nbdnxu3q",2026-06-30,NA,NA,NA,NA,NA,NA,NA,NA,NA,NA,NA,NA,NA,NA,NA,NA,NA,NA,NA,NA,NA,NA,NA,NA,0
"151","WanDale Robinson","TEN","WR","https://static.www.nfl.com/image/upload/f_auto,q_auto/league/yzcvyhmilvxedfjfjglc",2026-06-30,NA,NA,NA,NA,NA,NA,NA,NA,NA,NA,NA,NA,NA,NA,NA,NA,NA,NA,NA,NA,NA,NA,NA,NA,0
"152","Xavier Worthy","KC","WR","https://static.www.nfl.com/image/upload/f_auto,q_auto/league/ue6fp8xwnyo7ftvabbb8",2026-06-30,NA,NA,NA,NA,NA,NA,NA,NA,NA,NA,NA,NA,NA,NA,NA,NA,NA,NA,NA,NA,NA,NA,NA,NA,0
